s27.v,s27
s298.v,s298
s344.v.s344
s349.v,s349
s382.v,s382
s386.v,s386
s400.v,s400
s420.v,s420
s444.v,s444
s510.v,s510
s526.v,s526
s526a.v,s526n
s641.v,s641
s713.v,s713
s820.v,s820
s820a.v,s820
s832.v,s832
s832a.v,s832n
s838.v,s838
s953.v,s953
s953a.v,s953
s1196.v,s1196
s1196a.v,s1196a
s1196b.v,s1196b
s1238.v,s1238
s1238a.v,s1238a
s1423.v,s1423
s1423a.v,s1423a
s1488.v,s1488
s5378.v,s5378
s5378a.v,s5378a
s9234.v,s9234
s9234a.v,s9234a
s13207.v,s13207
s13207a.v,s13207
s15850.v,s15850
s15850a.v,s15850
s35932.v,s35932
s38584.v,s38584